123456,Sample Parent,987654,Sample Company,RCC,Collect,110523,23794567,Sample Receiver,064000017,1234567890123,27,155.00,753695412541258,"","",1516 Drive Ave,"",City,ST,12345,8008995555,"",
123456,Sample Parent,987654,Sample Company,RCC,Collect,110523,23794567,Sample Receiver,064000017,1234567890123,37,100.50,753695412541258,"","",151 Drive Ave,"",City,ST,12345-1234,8008995555,"",
123456,Sample Parent,987654,Sample Company,RCC,Collect,110523,23794567,Sample Receiver,064000017,1234567890123,27,155.00,753695412541258,"","",1516 Drive Ave,"",City,ST,12345,8008995555,"",
123456,Sample Parent,987654,Sample Company,RCC,Collect,110523,23794567,Sample Receiver,064000017,1234567890123,37,100.50,753695412541258,"","",151 Drive Ave,"",City,ST,12345-1234,8008995555,"",
123456,Sample Parent,987654,Sample Company,RCC,Collect,110523,23794567,Sample Receiver,064000017,1234567890123,27,155.00,753695412541258,"","",1516 Drive Ave,"",City,ST,12345,8008995555,"",
123456,Sample Parent,987654,Sample Company,RCC,Collect,110523,23794567,Sample Receiver,064000017,1234567890123,37,100.50,753695412541258,"","",151 Drive Ave,"",City,ST,12345-1234,8008995555,"",
123456,Sample Parent,987654,Sample Company,RCC,Collect,110523,23794567,Sample Receiver,064000017,1234567890123,27,155.00,753695412541258,"","",1516 Drive Ave,"",City,ST,12345,8008995555,"",
123456,Sample Parent,987654,Sample Company,RCC,Collect,110523,23794567,Sample Receiver,064000017,1234567890123,37,100.50,753695412541258,"","",151 Drive Ave,"",City,ST,12345-1234,8008995555,"",
123456,Sample Parent,987654,Sample Company,RCC,Collect,110523,23794567,Sample Receiver,064000017,1234567890123,27,155.00,753695412541258,"","",1516 Drive Ave,"",City,ST,12345,8008995555,"",
123456,Sample Parent,987654,Sample Company,RCC,Collect,110523,23794567,Sample Receiver,064000017,1234567890123,37,100.50,753695412541258,"","",151 Drive Ave,"",City,ST,12345-1234,8008995555,"",
123456,Sample Parent,987654,Sample Company,RCC,Collect,110523,23794567,Sample Receiver,064000017,1234567890123,27,155.00,753695412541258,"","",1516 Drive Ave,"",City,ST,12345,8008995555,"",
123456,Sample Parent,987654,Sample Company,RCC,Collect,110523,23794567,Sample Receiver,064000017,1234567890123,37,100.50,753695412541258,"","",151 Drive Ave,"",City,ST,12345-1234,8008995555,"",
123456,Sample Parent,987654,Sample Company,RCC,Collect,110523,23794567,Sample Receiver,064000017,1234567890123,27,155.00,753695412541258,"","",1516 Drive Ave,"",City,ST,12345,8008995555,"",
123456,Sample Parent,987654,Sample Company,RCC,Collect,110523,23794567,Sample Receiver,064000017,1234567890123,37,100.50,753695412541258,"","",151 Drive Ave,"",City,ST,12345-1234,8008995555,"",
123456,Sample Parent,987654,Sample Company,RCC,Collect,110523,23794567,Sample Receiver,064000017,1234567890123,27,155.00,753695412541258,"","",1516 Drive Ave,"",City,ST,12345,8008995555,"",
123456,Sample Parent,987654,Sample Company,RCC,Collect,110523,23794567,Sample Receiver,064000017,1234567890123,37,100.50,753695412541258,"","",151 Drive Ave,"",City,ST,12345-1234,8008995555,"",
123456,Sample Parent,987654,Sample Company,RCC,Collect,110523,23794567,Sample Receiver,064000017,1234567890123,27,155.00,753695412541258,"","",1516 Drive Ave,"",City,ST,12345,8008995555,"",
123456,Sample Parent,987654,Sample Company,RCC,Collect,110523,23794567,Sample Receiver,064000017,1234567890123,37,100.50,753695412541258,"","",151 Drive Ave,"",City,ST,12345-1234,8008995555,"",
123456,Sample Parent,987654,Sample Company,RCC,Collect,110523,23794567,Sample Receiver,064000017,1234567890123,27,155.00,753695412541258,"","",1516 Drive Ave,"",City,ST,12345,8008995555,"",
123456,Sample Parent,987654,Sample Company,RCC,Collect,110523,23794567,Sample Receiver,064000017,1234567890123,37,100.50,753695412541258,"","",151 Drive Ave,"",City,ST,12345-1234,8008995555,"",
123456,Sample Parent,987654,Sample Company,RCC,Collect,110523,23794567,Sample Receiver,064000017,1234567890123,27,155.00,753695412541258,"","",1516 Drive Ave,"",City,ST,12345,8008995555,"",
123456,Sample Parent,987654,Sample Company,RCC,Collect,110523,23794567,Sample Receiver,064000017,1234567890123,37,100.50,753695412541258,"","",151 Drive Ave,"",City,ST,12345-1234,8008995555,"",
